Ligand_name	1#HB	1#HAL	1#CA	1#Pi_Cation	1#Pi_Anion	1#Pi_Stacking	1#Mg_mediated	1#K_mediated	1#Na_mediated	1#Other_mediated	1#Water_mediated	1#Lipophilic	2#HB	2#HAL	2#CA	2#Pi_Cation	2#Pi_Anion	2#Pi_Stacking	2#Mg_mediated	2#K_mediated	2#Na_mediated	2#Other_mediated	2#Water_mediated	2#Lipophilic	3#HB	3#HAL	3#CA	3#Pi_Cation	3#Pi_Anion	3#Pi_Stacking	3#Mg_mediated	3#K_mediated	3#Na_mediated	3#Other_mediated	3#Water_mediated	3#Lipophilic	4#HB	4#HAL	4#CA	4#Pi_Cation	4#Pi_Anion	4#Pi_Stacking	4#Mg_mediated	4#K_mediated	4#Na_mediated	4#Other_mediated	4#Water_mediated	4#Lipophilic	5#HB	5#HAL	5#CA	5#Pi_Cation	5#Pi_Anion	5#Pi_Stacking	5#Mg_mediated	5#K_mediated	5#Na_mediated	5#Other_mediated	5#Water_mediated	5#Lipophilic	6#HB	6#HAL	6#CA	6#Pi_Cation	6#Pi_Anion	6#Pi_Stacking	6#Mg_mediated	6#K_mediated	6#Na_mediated	6#Other_mediated	6#Water_mediated	6#Lipophilic	7#HB	7#HAL	7#CA	7#Pi_Cation	7#Pi_Anion	7#Pi_Stacking	7#Mg_mediated	7#K_mediated	7#Na_mediated	7#Other_mediated	7#Water_mediated	7#Lipophilic	8#HB	8#HAL	8#CA	8#Pi_Cation	8#Pi_Anion	8#Pi_Stacking	8#Mg_mediated	8#K_mediated	8#Na_mediated	8#Other_mediated	8#Water_mediated	8#Lipophilic	9#HB	9#HAL	9#CA	9#Pi_Cation	9#Pi_Anion	9#Pi_Stacking	9#Mg_mediated	9#K_mediated	9#Na_mediated	9#Other_mediated	9#Water_mediated	9#Lipophilic	10#HB	10#HAL	10#CA	10#Pi_Cation	10#Pi_Anion	10#Pi_Stacking	10#Mg_mediated	10#K_mediated	10#Na_mediated	10#Other_mediated	10#Water_mediated	10#Lipophilic	11#HB	11#HAL	11#CA	11#Pi_Cation	11#Pi_Anion	11#Pi_Stacking	11#Mg_mediated	11#K_mediated	11#Na_mediated	11#Other_mediated	11#Water_mediated	11#Lipophilic	12#HB	12#HAL	12#CA	12#Pi_Cation	12#Pi_Anion	12#Pi_Stacking	12#Mg_mediated	12#K_mediated	12#Na_mediated	12#Other_mediated	12#Water_mediated	12#Lipophilic	13#HB	13#HAL	13#CA	13#Pi_Cation	13#Pi_Anion	13#Pi_Stacking	13#Mg_mediated	13#K_mediated	13#Na_mediated	13#Other_mediated	13#Water_mediated	13#Lipophilic	14#HB	14#HAL	14#CA	14#Pi_Cation	14#Pi_Anion	14#Pi_Stacking	14#Mg_mediated	14#K_mediated	14#Na_mediated	14#Other_mediated	14#Water_mediated	14#Lipophilic	15#HB	15#HAL	15#CA	15#Pi_Cation	15#Pi_Anion	15#Pi_Stacking	15#Mg_mediated	15#K_mediated	15#Na_mediated	15#Other_mediated	15#Water_mediated	15#Lipophilic	16#HB	16#HAL	16#CA	16#Pi_Cation	16#Pi_Anion	16#Pi_Stacking	16#Mg_mediated	16#K_mediated	16#Na_mediated	16#Other_mediated	16#Water_mediated	16#Lipophilic	17#HB	17#HAL	17#CA	17#Pi_Cation	17#Pi_Anion	17#Pi_Stacking	17#Mg_mediated	17#K_mediated	17#Na_mediated	17#Other_mediated	17#Water_mediated	17#Lipophilic	18#HB	18#HAL	18#CA	18#Pi_Cation	18#Pi_Anion	18#Pi_Stacking	18#Mg_mediated	18#K_mediated	18#Na_mediated	18#Other_mediated	18#Water_mediated	18#Lipophilic	19#HB	19#HAL	19#CA	19#Pi_Cation	19#Pi_Anion	19#Pi_Stacking	19#Mg_mediated	19#K_mediated	19#Na_mediated	19#Other_mediated	19#Water_mediated	19#Lipophilic	20#HB	20#HAL	20#CA	20#Pi_Cation	20#Pi_Anion	20#Pi_Stacking	20#Mg_mediated	20#K_mediated	20#Na_mediated	20#Other_mediated	20#Water_mediated	20#Lipophilic	21#HB	21#HAL	21#CA	21#Pi_Cation	21#Pi_Anion	21#Pi_Stacking	21#Mg_mediated	21#K_mediated	21#Na_mediated	21#Other_mediated	21#Water_mediated	21#Lipophilic	22#HB	22#HAL	22#CA	22#Pi_Cation	22#Pi_Anion	22#Pi_Stacking	22#Mg_mediated	22#K_mediated	22#Na_mediated	22#Other_mediated	22#Water_mediated	22#Lipophilic	23#HB	23#HAL	23#CA	23#Pi_Cation	23#Pi_Anion	23#Pi_Stacking	23#Mg_mediated	23#K_mediated	23#Na_mediated	23#Other_mediated	23#Water_mediated	23#Lipophilic	24#HB	24#HAL	24#CA	24#Pi_Cation	24#Pi_Anion	24#Pi_Stacking	24#Mg_mediated	24#K_mediated	24#Na_mediated	24#Other_mediated	24#Water_mediated	24#Lipophilic	25#HB	25#HAL	25#CA	25#Pi_Cation	25#Pi_Anion	25#Pi_Stacking	25#Mg_mediated	25#K_mediated	25#Na_mediated	25#Other_mediated	25#Water_mediated	25#Lipophilic	26#HB	26#HAL	26#CA	26#Pi_Cation	26#Pi_Anion	26#Pi_Stacking	26#Mg_mediated	26#K_mediated	26#Na_mediated	26#Other_mediated	26#Water_mediated	26#Lipophilic	27#HB	27#HAL	27#CA	27#Pi_Cation	27#Pi_Anion	27#Pi_Stacking	27#Mg_mediated	27#K_mediated	27#Na_mediated	27#Other_mediated	27#Water_mediated	27#Lipophilic	28#HB	28#HAL	28#CA	28#Pi_Cation	28#Pi_Anion	28#Pi_Stacking	28#Mg_mediated	28#K_mediated	28#Na_mediated	28#Other_mediated	28#Water_mediated	28#Lipophilic	29#HB	29#HAL	29#CA	29#Pi_Cation	29#Pi_Anion	29#Pi_Stacking	29#Mg_mediated	29#K_mediated	29#Na_mediated	29#Other_mediated	29#Water_mediated	29#Lipophilic	30#HB	30#HAL	30#CA	30#Pi_Cation	30#Pi_Anion	30#Pi_Stacking	30#Mg_mediated	30#K_mediated	30#Na_mediated	30#Other_mediated	30#Water_mediated	30#Lipophilic	31#HB	31#HAL	31#CA	31#Pi_Cation	31#Pi_Anion	31#Pi_Stacking	31#Mg_mediated	31#K_mediated	31#Na_mediated	31#Other_mediated	31#Water_mediated	31#Lipophilic	32#HB	32#HAL	32#CA	32#Pi_Cation	32#Pi_Anion	32#Pi_Stacking	32#Mg_mediated	32#K_mediated	32#Na_mediated	32#Other_mediated	32#Water_mediated	32#Lipophilic	33#HB	33#HAL	33#CA	33#Pi_Cation	33#Pi_Anion	33#Pi_Stacking	33#Mg_mediated	33#K_mediated	33#Na_mediated	33#Other_mediated	33#Water_mediated	33#Lipophilic	34#HB	34#HAL	34#CA	34#Pi_Cation	34#Pi_Anion	34#Pi_Stacking	34#Mg_mediated	34#K_mediated	34#Na_mediated	34#Other_mediated	34#Water_mediated	34#Lipophilic	35#HB	35#HAL	35#CA	35#Pi_Cation	35#Pi_Anion	35#Pi_Stacking	35#Mg_mediated	35#K_mediated	35#Na_mediated	35#Other_mediated	35#Water_mediated	35#Lipophilic	36#HB	36#HAL	36#CA	36#Pi_Cation	36#Pi_Anion	36#Pi_Stacking	36#Mg_mediated	36#K_mediated	36#Na_mediated	36#Other_mediated	36#Water_mediated	36#Lipophilic	37#HB	37#HAL	37#CA	37#Pi_Cation	37#Pi_Anion	37#Pi_Stacking	37#Mg_mediated	37#K_mediated	37#Na_mediated	37#Other_mediated	37#Water_mediated	37#Lipophilic
23_solution_0^1	0	0	0	0	0	0	0	0	0	0		0	0	0	0	0	0	0	0	0	0	0		0	0	0	0	0	0	0	0	0	0	0		0	0	0	0	0	0	0	0	0	0	0		0	0	0	0	0	0	0	0	0	0	0		0	0	0	0	0	0	0	0	0	0	0		0	0	0	0	0	0	0	0	0	0	0		0	0	0	0	0	0	0	0	0	0	0		0	0	0	0	0	0	0	0	0	0	0		1	0	0	0	0	0	0	0	0	0	0		0	0	0	0	0	0	0	0	0	0	0		0	0	0	0	0	0	0	0	0	0	0		0	0	0	0	0	0	1	0	0	0	0		1	1	0	0	0	0	1	0	0	0	0		1	0	0	0	0	0	0	0	0	0	0		0	1	0	0	0	0	0	0	0	0	0		1	0	0	0	0	0	0	0	0	0	0		0	0	0	0	0	0	1	0	0	0	0		1	0	0	0	0	0	0	0	0	0	0		0	0	0	0	0	0	0	0	0	0	0		1	1	0	0	0	0	1	0	0	0	0		1	0	0	0	0	0	0	0	0	0	0		1	0	0	0	0	0	0	0	0	0	0		0	0	0	0	0	0	0	0	0	0	0		0	0	0	0	0	0	0	0	0	0	0		0	0	0	0	0	0	0	0	0	0	0		0	0	0	0	0	0	0	0	0	0	0		0	0	0	0	0	0	0	0	0	0	0		0	0	0	0	0	0	0	0	0	0	0		0	0	0	0	0	0	0	0	0	0	0		0	0	0	0	0	0	0	0	0	0	0		0	0	0	0	0	0	0	0	0	0	0		0	0	0	0	0	0	0	0	0	0	0		0	0	0	0	0	0	0	0	0	0	0		0	0	0	0	0	0	0	0	0	0	0		0	0	0	0	0	0	0	0	0	0	0		0	0	0	0	0	0	0	0	0	0	0		0
Bujnicki_01^1	0	0	0	0	0	0	0	0	0	0		0	0	0	0	0	0	0	0	0	0	0		0	0	0	0	0	0	0	0	0	0	0		0	0	0	0	0	0	0	0	0	0	0		1	0	0	0	0	0	0	0	0	0	0		1	0	0	0	0	0	0	0	0	0	0		1	0	0	0	0	0	0	0	0	0	0		0	0	0	0	0	0	0	0	0	0	0		0	0	0	0	0	0	0	0	0	0	0		0	0	0	0	0	0	0	0	0	0	0		0	0	0	0	0	0	1	0	0	0	0		1	1	0	0	0	0	0	0	0	0	0		0	0	0	0	0	0	0	0	0	0	0		0	0	0	0	0	0	0	0	0	0	0		0	0	0	0	0	0	0	0	0	0	0		0	0	0	0	0	0	0	0	0	0	0		0	0	0	0	0	0	0	0	0	0	0		0	0	0	0	0	0	0	0	0	0	0		0	0	0	0	0	0	0	0	0	0	0		0	0	0	0	0	0	0	0	0	0	0		0	0	0	0	0	0	0	0	0	0	0		0	0	0	0	0	0	0	0	0	0	0		0	0	0	0	0	0	0	0	0	0	0		0	0	0	0	0	0	0	0	0	0	0		0	0	0	0	0	0	0	0	0	0	0		0	0	0	0	0	0	0	0	0	0	0		0	0	0	0	0	0	0	0	0	0	0		0	0	0	0	0	0	0	0	0	0	0		0	0	0	0	0	0	0	0	0	0	0		0	0	0	0	0	0	0	0	0	0	0		0	0	0	0	0	0	0	0	0	0	0		0	0	0	0	0	0	1	0	0	0	0		1	0	0	0	0	0	1	0	0	0	0		1	0	0	0	0	0	0	0	0	0	0		0	0	0	0	0	0	0	0	0	0	0		0	0	0	0	0	0	0	0	0	0	0		0	0	0	0	0	0	0	0	0	0	0		0
Bujnicki_02^1	0	0	1	0	0	0	0	0	0	0		0	1	0	1	0	0	0	0	0	0	0		1	0	0	0	0	0	0	0	0	0	0		1	1	0	0	0	0	1	0	0	0	0		1	1	0	0	0	0	0	0	0	0	0		1	0	0	0	0	0	0	0	0	0	0		0	0	0	0	0	0	0	0	0	0	0		0	0	0	0	0	0	0	0	0	0	0		0	0	0	0	0	0	0	0	0	0	0		0	0	0	0	0	0	0	0	0	0	0		0	0	0	0	0	0	0	0	0	0	0		0	0	0	1	0	0	0	0	0	0	0		1	0	0	1	0	1	0	0	0	0	0		1	0	0	0	0	0	0	0	0	0	0		0	0	0	0	0	0	0	0	0	0	0		0	0	0	0	0	0	0	0	0	0	0		0	0	0	0	0	0	0	0	0	0	0		0	0	0	0	0	0	0	0	0	0	0		0	0	0	0	0	0	0	0	0	0	0		0	0	0	0	0	0	0	0	0	0	0		0	0	0	0	0	0	0	0	0	0	0		0	0	0	0	0	0	0	0	0	0	0		0	0	0	0	0	0	0	0	0	0	0		0	0	0	0	0	0	0	0	0	0	0		0	0	0	0	0	0	0	0	0	0	0		0	0	0	0	0	0	0	0	0	0	0		0	0	0	0	0	0	0	0	0	0	0		0	0	0	0	0	0	0	0	0	0	0		0	0	0	0	0	0	0	0	0	0	0		0	0	0	0	0	0	0	0	0	0	0		0	0	0	0	0	0	0	0	0	0	0		0	0	0	0	0	0	0	0	0	0	0		0	0	0	0	0	0	0	0	0	0	0		0	0	0	0	0	0	0	0	0	0	0		1	0	0	0	0	0	0	0	0	0	0		0	0	0	0	0	0	0	0	0	0	0		0	0	0	0	0	0	0	0	0	0	0		0
Bujnicki_03^1	0	0	0	0	0	0	0	0	0	0		0	0	0	0	0	0	0	0	0	0	0		0	0	0	0	0	0	0	0	0	0	0		0	0	0	0	0	0	0	0	0	0	0		0	0	0	1	0	0	0	0	0	0	0		0	0	0	1	0	1	0	0	0	0	0		0	0	0	0	0	0	0	0	0	0	0		1	0	0	0	0	0	0	0	0	0	0		1	0	0	0	0	0	0	0	0	0	0		0	0	0	0	0	0	0	0	0	0	0		0	0	0	0	0	0	0	0	0	0	0		0	0	0	0	0	0	0	0	0	0	0		0	0	0	0	0	0	0	0	0	0	0		0	0	0	0	0	0	0	0	0	0	0		0	0	0	0	0	0	0	0	0	0	0		0	0	0	0	0	0	0	0	0	0	0		0	0	0	0	0	0	0	0	0	0	0		0	0	0	1	0	0	0	0	0	0	0		1	1	0	1	0	0	0	0	0	0	0		0	0	0	0	0	0	0	0	0	0	0		0	0	0	0	0	0	0	0	0	0	0		0	0	0	0	0	0	0	0	0	0	0		0	0	0	0	0	0	0	0	0	0	0		1	0	0	0	0	0	0	0	0	0	0		0	0	0	1	0	0	0	0	0	0	0		1	0	0	1	0	1	0	0	0	0	0		0	0	0	0	0	0	0	0	0	0	0		0	0	0	0	0	0	0	0	0	0	0		0	0	0	0	0	0	0	0	0	0	0		0	0	0	0	0	0	0	0	0	0	0		0	0	0	0	0	0	0	0	0	0	0		0	0	0	0	0	0	0	0	0	0	0		0	0	0	0	0	0	0	0	0	0	0		0	0	0	0	0	0	0	0	0	0	0		0	0	0	0	0	0	0	0	0	0	0		0	0	0	0	0	0	0	0	0	0	0		0	0	0	0	0	0	0	0	0	0	0		0
Chen_01^1	0	0	0	0	0	0	0	0	0	0		0	0	0	0	0	0	0	0	0	0	0		0	0	0	0	0	0	0	0	0	0	0		0	0	0	0	0	0	0	0	0	0	0		0	0	0	0	0	0	0	0	0	0	0		0	0	0	0	0	0	0	0	0	0	0		0	0	0	0	0	0	0	0	0	0	0		0	0	0	0	0	0	0	0	0	0	0		0	0	0	0	0	0	0	0	0	0	0		0	0	0	0	0	0	0	0	0	0	0		0	0	0	0	0	0	0	0	0	0	0		0	0	0	0	0	0	0	0	0	0	0		0	0	0	0	0	0	0	0	0	0	0		0	0	0	0	0	0	0	0	0	0	0		0	0	0	0	0	0	0	0	0	0	0		0	0	0	0	0	0	0	0	0	0	0		0	0	0	0	0	0	0	0	0	0	0		0	0	0	0	0	0	0	0	0	0	0		0	0	0	0	0	0	0	0	0	0	0		0	1	0	0	0	0	0	0	0	0	0		1	1	0	1	0	0	0	0	0	0	0		1	0	0	0	0	0	0	0	0	0	0		0	0	0	0	0	0	0	0	0	0	0		0	0	0	0	0	0	0	0	0	0	0		0	0	0	0	0	0	0	0	0	0	0		0	0	0	0	0	0	0	0	0	0	0		0	1	0	0	1	0	0	0	0	0	0		1	1	0	0	0	0	0	0	0	0	0		1	0	0	0	0	0	0	0	0	0	0		0	0	0	0	0	0	0	0	0	0	0		0	0	0	0	0	0	0	0	0	0	0		0	0	0	0	0	0	0	0	0	0	0		0	0	0	0	0	0	0	0	0	0	0		0	0	0	0	0	0	0	0	0	0	0		0	0	0	0	0	0	0	0	0	0	0		0	0	0	0	0	0	0	0	0	0	0		0	0	0	0	0	0	0	0	0	0	0		0
Chen_02^1	0	0	0	0	0	0	0	0	0	0		0	0	0	0	0	0	0	0	0	0	0		0	0	0	0	0	0	0	0	0	0	0		0	0	0	0	0	0	0	0	0	0	0		0	0	0	0	0	0	0	0	0	0	0		0	0	0	0	0	0	0	0	0	0	0		0	0	0	0	0	0	0	0	0	0	0		0	0	0	0	0	0	0	0	0	0	0		0	0	0	0	0	0	0	0	0	0	0		0	0	0	0	0	0	0	0	0	0	0		0	0	0	0	0	0	0	0	0	0	0		0	0	0	0	0	0	0	0	0	0	0		0	0	0	0	0	0	0	0	0	0	0		0	0	0	0	0	0	0	0	0	0	0		1	0	0	0	0	0	0	0	0	0	0		0	0	0	0	0	0	0	0	0	0	0		0	0	0	0	0	0	0	0	0	0	0		0	0	0	0	0	0	0	0	0	0	0		0	0	0	1	0	0	0	0	0	0	0		0	1	0	0	1	0	0	0	0	0	0		1	1	0	0	0	0	0	0	0	0	0		1	0	0	0	0	0	0	0	0	0	0		0	0	0	0	0	0	0	0	0	0	0		0	0	0	0	0	0	0	0	0	0	0		0	0	0	0	0	0	0	0	0	0	0		0	0	0	0	0	0	0	0	0	0	0		0	0	0	0	1	0	0	0	0	0	0		1	0	0	0	0	0	0	0	0	0	0		0	0	0	0	0	0	0	0	0	0	0		0	0	0	0	0	0	0	0	0	0	0		0	0	0	0	0	0	0	0	0	0	0		0	0	0	0	0	0	0	0	0	0	0		0	0	0	0	0	0	0	0	0	0	0		0	0	0	0	0	0	0	0	0	0	0		0	0	0	0	0	0	0	0	0	0	0		0	0	0	0	0	0	0	0	0	0	0		0	0	0	0	0	0	0	0	0	0	0		0
Chen_03^1	0	0	0	0	0	0	0	0	0	0		0	0	0	0	0	0	0	0	0	0	0		0	0	0	0	0	0	0	0	0	0	0		0	0	0	0	0	0	0	0	0	0	0		0	0	0	0	0	0	0	0	0	0	0		0	0	0	0	0	0	0	0	0	0	0		0	0	0	0	0	0	0	0	0	0	0		0	0	0	0	0	0	0	0	0	0	0		0	0	0	0	0	0	0	0	0	0	0		0	1	0	0	0	0	0	0	0	0	0		0	0	0	0	0	0	0	0	0	0	0		0	0	0	0	0	0	0	0	0	0	0		0	0	0	0	0	0	0	0	0	0	0		0	0	0	0	0	0	0	0	0	0	0		1	1	0	0	0	0	0	0	0	0	0		1	0	0	0	0	0	0	0	0	0	0		0	0	0	0	0	0	0	0	0	0	0		0	0	0	0	0	0	0	0	0	0	0		0	0	0	0	0	0	0	0	0	0	0		0	1	0	0	1	0	0	0	0	0	0		1	1	0	0	0	0	0	0	0	0	0		1	0	0	0	0	0	0	0	0	0	0		0	0	0	0	0	0	0	0	0	0	0		0	0	0	0	0	0	0	0	0	0	0		0	0	0	0	0	0	0	0	0	0	0		0	0	0	0	0	0	0	0	0	0	0		0	0	0	0	1	0	0	0	0	0	0		1	1	0	0	0	0	0	0	0	0	0		1	0	0	0	0	0	0	0	0	0	0		0	0	0	0	0	0	0	0	0	0	0		0	0	0	0	0	0	0	0	0	0	0		0	0	0	0	0	0	0	0	0	0	0		0	0	0	0	0	0	0	0	0	0	0		0	0	0	0	0	0	0	0	0	0	0		0	0	0	0	0	0	0	0	0	0	0		0	0	0	0	0	0	0	0	0	0	0		0	0	0	0	0	0	0	0	0	0	0		0
Das_01^1	0	0	0	0	0	0	0	0	0	0		0	0	0	0	0	0	0	0	0	0	0		0	0	0	0	0	0	0	0	0	0	0		0	0	0	0	0	0	0	0	0	0	0		0	0	0	0	0	0	0	0	0	0	0		0	0	0	0	0	0	0	0	0	0	0		0	0	0	0	0	0	0	0	0	0	0		0	0	0	0	0	0	0	0	0	0	0		0	0	0	0	0	0	1	0	0	0	0		1	0	0	1	0	0	0	0	0	0	0		0	0	0	0	0	0	0	0	0	0	0		1	0	0	0	0	0	0	0	0	0	0		0	0	0	0	0	0	0	0	0	0	0		0	0	0	0	0	0	0	0	0	0	0		0	0	0	0	0	0	0	0	0	0	0		0	0	0	0	0	0	0	0	0	0	0		0	0	0	0	0	0	0	0	0	0	0		0	1	0	0	1	0	1	0	0	0	0		1	0	0	0	0	0	1	0	0	0	0		1	0	0	0	0	0	0	0	0	0	0		0	0	0	0	0	0	0	0	0	0	0		0	0	0	0	0	0	0	0	0	0	0		0	0	0	0	0	0	0	0	0	0	0		1	0	0	0	1	0	1	0	0	0	0		1	0	0	0	0	0	0	0	0	0	0		0	0	0	0	0	0	0	0	0	0	0		0	0	0	0	0	0	0	0	0	0	0		0	0	0	0	0	0	0	0	0	0	0		1	0	0	0	0	0	0	0	0	0	0		0	0	0	0	0	0	0	0	0	0	0		0	0	0	0	0	0	0	0	0	0	0		0	0	0	0	0	0	0	0	0	0	0		0	0	0	0	0	0	0	0	0	0	0		0	0	0	0	0	0	0	0	0	0	0		0	0	0	0	0	0	0	0	0	0	0		0	0	0	0	0	0	0	0	0	0	0		0	0	0	0	0	0	0	0	0	0	0		0
Das_02^1	0	0	0	0	0	0	0	0	0	0		0	0	0	0	0	0	0	0	0	0	0		0	0	0	0	0	0	0	0	0	0	0		0	0	0	0	0	0	0	0	0	0	0		0	0	0	0	0	0	0	0	0	0	0		0	0	0	0	0	0	0	0	0	0	0		0	0	0	0	0	0	0	0	0	0	0		0	0	0	0	0	0	0	0	0	0	0		0	0	0	0	1	0	1	0	0	0	0		1	0	0	1	1	0	1	0	0	0	0		1	0	0	0	0	0	0	0	0	0	0		0	0	0	0	0	0	0	0	0	0	0		0	0	0	0	0	0	0	0	0	0	0		1	0	0	0	0	0	0	0	0	0	0		0	0	0	0	0	0	0	0	0	0	0		0	0	0	0	0	0	0	0	0	0	0		0	0	0	0	0	0	0	0	0	0	0		0	1	0	0	0	0	1	0	0	0	0		1	0	0	0	0	0	1	0	0	0	0		1	0	0	0	0	0	0	0	0	0	0		0	0	0	0	0	0	0	0	0	0	0		0	0	0	0	0	0	0	0	0	0	0		0	0	0	0	0	0	0	0	0	0	0		0	0	0	0	0	0	0	0	0	0	0		1	0	0	0	0	0	0	0	0	0	0		0	0	0	0	0	0	0	0	0	0	0		1	0	0	0	0	0	0	0	0	0	0		0	0	0	0	0	0	0	0	0	0	0		0	0	0	0	0	0	0	0	0	0	0		0	0	0	0	0	0	0	0	0	0	0		0	0	0	0	0	0	0	0	0	0	0		0	0	0	0	0	0	0	0	0	0	0		0	0	0	0	0	0	0	0	0	0	0		0	0	0	0	0	0	0	0	0	0	0		0	0	0	0	0	0	0	0	0	0	0		0	0	0	0	0	0	0	0	0	0	0		0	0	0	0	0	0	0	0	0	0	0		0
Das_03^1	0	0	0	0	0	0	0	0	0	0		0	0	0	0	0	0	0	0	0	0	0		0	0	0	0	0	0	0	0	0	0	0		0	0	0	0	0	0	0	0	0	0	0		0	0	0	0	0	0	0	0	0	0	0		0	0	0	0	0	0	0	0	0	0	0		0	0	0	0	0	0	0	0	0	0	0		0	0	0	0	0	0	0	0	0	0	0		0	0	0	0	1	0	1	0	0	0	0		1	0	0	0	0	0	0	0	0	0	0		0	0	0	1	0	0	0	0	0	0	0		0	0	0	0	0	0	0	0	0	0	0		0	0	0	0	0	0	1	0	0	0	0		1	0	0	0	0	0	1	0	0	0	0		1	0	0	0	0	0	0	0	0	0	0		0	0	0	0	0	0	0	0	0	0	0		0	0	0	0	0	0	0	0	0	0	0		0	1	0	0	1	0	1	0	0	0	0		1	1	0	0	0	0	0	0	0	0	0		1	0	0	0	0	0	0	0	0	0	0		1	0	0	0	0	0	0	0	0	0	0		0	0	0	0	0	0	0	0	0	0	0		0	0	0	0	0	0	0	0	0	0	0		0	0	0	0	0	0	0	0	0	0	0		0	0	0	0	0	0	0	0	0	0	0		1	0	0	0	0	0	0	0	0	0	0		1	0	0	0	0	0	0	0	0	0	0		1	0	0	0	0	0	0	0	0	0	0		0	0	0	0	0	0	0	0	0	0	0		0	0	0	0	0	0	0	0	0	0	0		0	0	0	0	0	0	0	0	0	0	0		0	0	0	0	0	0	0	0	0	0	0		0	0	0	0	0	0	0	0	0	0	0		0	0	0	0	0	0	0	0	0	0	0		0	0	0	0	0	0	0	0	0	0	0		0	0	0	0	0	0	0	0	0	0	0		0	0	0	0	0	0	0	0	0	0	0		0
Das_04^1	0	0	0	0	0	0	0	0	0	0		0	0	0	0	0	0	0	0	0	0	0		0	0	0	0	0	0	0	0	0	0	0		0	0	0	0	0	0	0	0	0	0	0		0	0	0	0	0	0	0	0	0	0	0		0	0	0	0	0	0	0	0	0	0	0		0	0	0	0	0	0	0	0	0	0	0		0	0	0	0	0	0	0	0	0	0	0		0	0	0	0	1	0	0	0	0	0	0		1	0	0	1	0	0	0	0	0	0	0		1	0	0	0	0	0	0	0	0	0	0		0	0	0	0	0	0	0	0	0	0	0		0	0	0	0	0	0	1	0	0	0	0		1	1	0	0	1	0	0	0	0	0	0		1	0	0	0	0	0	0	0	0	0	0		0	0	0	0	0	0	0	0	0	0	0		0	0	0	0	0	0	0	0	0	0	0		0	1	0	0	0	0	1	0	0	0	0		1	1	0	0	0	0	0	0	0	0	0		0	0	0	0	0	0	0	0	0	0	0		0	0	0	0	0	0	0	0	0	0	0		0	0	0	0	0	0	0	0	0	0	0		0	0	0	0	0	0	0	0	0	0	0		1	0	0	0	0	0	0	0	0	0	0		1	0	0	0	0	0	0	0	0	0	0		0	0	0	0	0	0	0	0	0	0	0		0	0	0	0	0	0	0	0	0	0	0		0	0	0	0	0	0	0	0	0	0	0		0	0	0	0	0	0	0	0	0	0	0		0	0	0	0	0	0	0	0	0	0	0		0	0	0	0	0	0	0	0	0	0	0		0	0	0	0	0	0	0	0	0	0	0		0	0	0	0	0	0	0	0	0	0	0		0	0	0	0	0	0	0	0	0	0	0		0	0	0	0	0	0	0	0	0	0	0		0	0	0	0	0	0	0	0	0	0	0		0	0	0	0	0	0	0	0	0	0	0		0
Das_05^1	0	0	0	0	0	0	0	0	0	0		0	0	0	0	0	0	0	0	0	0	0		0	0	0	0	0	0	0	0	0	0	0		0	0	0	0	0	0	0	0	0	0	0		0	0	0	0	0	0	0	0	0	0	0		0	0	0	0	0	0	0	0	0	0	0		0	0	0	0	0	0	0	0	0	0	0		0	0	0	0	0	0	0	0	0	0	0		0	0	0	0	1	0	1	0	0	0	0		1	0	0	1	0	0	0	0	0	0	0		0	0	0	0	0	0	0	0	0	0	0		0	0	0	1	0	0	0	0	0	0	0		0	0	0	1	0	0	0	0	0	0	0		1	0	0	0	0	0	1	0	0	0	0		1	0	0	0	0	0	0	0	0	0	0		0	0	0	0	0	0	0	0	0	0	0		0	0	0	0	0	0	0	0	0	0	0		0	1	0	0	0	0	1	0	0	0	0		1	0	0	0	0	0	0	0	0	0	0		0	0	0	0	0	0	0	0	0	0	0		0	0	0	0	0	0	0	0	0	0	0		0	0	0	0	0	0	0	0	0	0	0		0	0	0	0	0	0	0	0	0	0	0		0	0	0	0	0	0	0	0	0	0	0		0	0	0	0	0	0	0	0	0	0	0		1	0	0	0	0	0	0	0	0	0	0		0	0	0	0	0	0	1	0	0	0	0		1	0	0	0	0	0	0	0	0	0	0		0	0	0	0	0	0	0	0	0	0	0		0	0	0	0	0	0	0	0	0	0	0		0	0	0	0	0	0	0	0	0	0	0		0	0	0	0	0	0	0	0	0	0	0		0	0	0	0	0	0	0	0	0	0	0		0	0	0	0	0	0	0	0	0	0	0		0	0	0	0	0	0	0	0	0	0	0		0	0	0	0	0	0	0	0	0	0	0		0	0	0	0	0	0	0	0	0	0	0		0
Das_06^1	0	0	0	0	0	0	0	0	0	0		0	0	0	0	0	0	0	0	0	0	0		0	0	0	0	0	0	0	0	0	0	0		0	0	0	0	0	0	0	0	0	0	0		0	0	0	0	0	0	0	0	0	0	0		0	0	0	0	0	0	0	0	0	0	0		0	0	0	0	0	0	0	0	0	0	0		0	0	0	0	0	0	0	0	0	0	0		0	0	0	0	1	0	1	0	0	0	0		1	0	0	0	0	0	1	0	0	0	0		1	0	0	0	0	0	0	0	0	0	0		0	0	0	1	0	0	0	0	0	0	0		0	1	0	1	0	0	0	0	0	0	0		1	0	0	0	0	0	0	0	0	0	0		0	0	0	0	0	0	0	0	0	0	0		0	0	0	0	0	0	0	0	0	0	0		0	0	0	0	0	0	0	0	0	0	0		0	1	0	0	0	0	0	0	0	0	0		1	1	0	0	0	0	0	0	0	0	0		1	0	0	0	0	0	0	0	0	0	0		0	0	0	0	0	0	0	0	0	0	0		0	0	0	0	0	0	0	0	0	0	0		0	0	0	0	0	0	0	0	0	0	0		0	0	0	0	0	0	0	0	0	0	0		0	0	0	0	0	0	1	0	0	0	0		1	0	0	0	0	0	1	0	0	0	0		1	0	0	0	0	0	0	0	0	0	0		0	0	0	0	0	0	0	0	0	0	0		0	0	0	0	0	0	0	0	0	0	0		0	0	0	0	0	0	0	0	0	0	0		0	0	0	0	0	0	0	0	0	0	0		0	0	0	0	0	0	0	0	0	0	0		0	0	0	0	0	0	0	0	0	0	0		0	0	0	0	0	0	0	0	0	0	0		0	0	0	0	0	0	0	0	0	0	0		0	0	0	0	0	0	0	0	0	0	0		0	0	0	0	0	0	0	0	0	0	0		0
Das_07^1	0	0	0	0	0	0	0	0	0	0		0	0	0	0	0	0	0	0	0	0	0		0	0	0	0	0	0	0	0	0	0	0		0	0	0	0	0	0	0	0	0	0	0		0	0	0	0	0	0	0	0	0	0	0		0	0	0	0	0	0	0	0	0	0	0		0	0	0	0	0	0	0	0	0	0	0		0	0	0	0	0	0	0	0	0	0	0		0	0	0	0	1	0	1	0	0	0	0		1	0	0	1	0	0	0	0	0	0	0		0	0	0	0	0	0	0	0	0	0	0		0	0	0	0	0	0	0	0	0	0	0		0	0	0	0	0	0	1	0	0	0	0		1	0	0	0	0	0	1	0	0	0	0		1	0	0	0	0	0	0	0	0	0	0		0	0	0	0	0	0	0	0	0	0	0		0	0	0	0	0	0	0	0	0	0	0		0	1	0	0	1	0	1	0	0	0	0		1	0	0	0	0	0	0	0	0	0	0		0	0	0	0	0	0	0	0	0	0	0		0	0	0	0	0	0	0	0	0	0	0		0	0	0	0	0	0	0	0	0	0	0		0	0	0	0	0	0	0	0	0	0	0		0	0	0	0	0	0	0	0	0	0	0		1	0	0	0	0	0	0	0	0	0	0		0	0	0	0	0	0	0	0	0	0	0		0	0	0	0	0	0	0	0	0	0	0		0	0	0	0	0	0	0	0	0	0	0		0	0	0	0	0	0	0	0	0	0	0		0	0	0	0	0	0	0	0	0	0	0		0	0	0	0	0	0	0	0	0	0	0		0	0	0	0	0	0	0	0	0	0	0		0	0	0	0	0	0	0	0	0	0	0		0	0	0	0	0	0	0	0	0	0	0		0	0	0	0	0	0	0	0	0	0	0		0	0	0	0	0	0	0	0	0	0	0		0	0	0	0	0	0	0	0	0	0	0		0
Das_08^1	0	0	0	0	0	0	0	0	0	0		0	0	0	0	0	0	0	0	0	0	0		0	0	0	0	0	0	0	0	0	0	0		0	0	0	0	0	0	0	0	0	0	0		0	0	0	0	0	0	0	0	0	0	0		0	0	0	0	0	0	0	0	0	0	0		0	0	0	0	0	0	0	0	0	0	0		0	0	0	0	0	0	0	0	0	0	0		0	0	0	0	1	0	1	0	0	0	0		1	0	0	1	0	0	0	0	0	0	0		0	0	0	0	0	0	0	0	0	0	0		0	0	0	0	0	0	0	0	0	0	0		0	0	0	0	0	0	0	0	0	0	0		1	0	0	0	0	0	1	0	0	0	0		1	0	0	0	0	0	0	0	0	0	0		0	0	0	0	0	0	0	0	0	0	0		0	1	0	0	0	0	0	0	0	0	0		0	1	0	0	1	0	1	0	0	0	0		1	0	0	0	0	0	1	0	0	0	0		1	0	0	0	0	0	0	0	0	0	0		0	0	0	0	0	0	0	0	0	0	0		0	0	0	0	0	0	0	0	0	0	0		0	0	0	0	0	0	0	0	0	0	0		1	0	0	0	0	0	0	0	0	0	0		1	0	0	0	0	0	0	0	0	0	0		0	0	0	0	0	0	0	0	0	0	0		0	0	0	0	0	0	0	0	0	0	0		1	0	0	0	0	0	0	0	0	0	0		0	0	0	0	0	0	0	0	0	0	0		0	0	0	0	0	0	0	0	0	0	0		0	0	0	0	0	0	0	0	0	0	0		0	0	0	0	0	0	0	0	0	0	0		0	0	0	0	0	0	0	0	0	0	0		0	0	0	0	0	0	0	0	0	0	0		0	0	0	0	0	0	0	0	0	0	0		0	0	0	0	0	0	0	0	0	0	0		0	0	0	0	0	0	0	0	0	0	0		0
Das_09^1	0	0	0	0	0	0	0	0	0	0		0	0	0	0	0	0	0	0	0	0	0		0	0	0	0	0	0	0	0	0	0	0		0	0	0	0	0	0	0	0	0	0	0		0	0	0	0	0	0	0	0	0	0	0		0	0	0	0	0	0	0	0	0	0	0		0	0	0	0	0	0	0	0	0	0	0		0	0	0	0	0	0	0	0	0	0	0		0	0	0	0	1	0	1	0	0	0	0		1	0	0	1	0	0	0	0	0	0	0		1	0	0	0	0	0	0	0	0	0	0		0	0	0	0	0	0	0	0	0	0	0		0	0	0	0	0	0	0	0	0	0	0		1	0	0	0	0	0	0	0	0	0	0		0	0	0	0	0	0	0	0	0	0	0		0	0	0	0	0	0	0	0	0	0	0		0	1	0	0	0	0	0	0	0	0	0		0	1	0	0	0	0	1	0	0	0	0		1	0	0	0	0	0	0	0	0	0	0		0	0	0	0	0	0	0	0	0	0	0		0	0	0	0	0	0	0	0	0	0	0		0	0	0	0	0	0	0	0	0	0	0		0	0	0	0	0	0	0	0	0	0	0		0	0	0	0	0	0	0	0	0	0	0		0	0	0	0	0	0	0	0	0	0	0		1	0	0	0	0	0	0	0	0	0	0		0	0	0	0	0	0	0	0	0	0	0		0	0	0	0	0	0	1	0	0	0	0		1	1	0	0	0	0	0	0	0	0	0		0	0	0	0	0	0	0	0	0	0	0		0	0	0	0	0	0	0	0	0	0	0		0	0	0	0	0	0	0	0	0	0	0		0	0	0	0	0	0	0	0	0	0	0		0	0	0	0	0	0	0	0	0	0	0		0	0	0	0	0	0	0	0	0	0	0		0	0	0	0	0	0	0	0	0	0	0		0	0	0	0	0	0	0	0	0	0	0		0
Das_10^1	0	0	0	0	0	0	0	0	0	0		0	0	0	0	0	0	0	0	0	0	0		0	0	0	0	0	0	0	0	0	0	0		0	0	0	0	0	0	0	0	0	0	0		0	0	0	0	0	0	0	0	0	0	0		0	0	0	0	0	0	0	0	0	0	0		0	0	0	0	0	0	0	0	0	0	0		0	0	0	0	0	0	0	0	0	0	0		0	0	0	0	0	0	1	0	0	0	0		1	0	0	0	0	0	0	0	0	0	0		0	0	0	0	0	0	0	0	0	0	0		0	0	0	0	0	0	0	0	0	0	0		0	1	0	0	0	0	0	0	0	0	0		0	0	0	0	0	0	0	0	0	0	0		0	0	0	0	0	0	0	0	0	0	0		0	0	0	0	0	0	0	0	0	0	0		0	0	0	0	0	0	0	0	0	0	0		0	1	0	0	1	0	1	0	0	0	0		1	0	0	0	0	0	0	0	0	0	0		0	0	0	0	0	0	0	0	0	0	0		0	0	0	0	0	0	0	0	0	0	0		0	0	0	0	0	0	0	0	0	0	0		0	0	0	0	0	0	0	0	0	0	0		0	0	0	0	0	0	0	0	0	0	0		1	0	0	0	0	0	0	0	0	0	0		1	0	0	0	0	0	0	0	0	0	0		1	0	0	0	0	0	0	0	0	0	0		0	0	0	0	0	0	0	0	0	0	0		0	1	0	0	0	0	0	0	0	0	0		0	0	0	0	0	0	0	0	0	0	0		0	0	0	0	0	0	1	0	0	0	0		1	0	0	0	0	0	0	0	0	0	0		1	0	0	0	0	0	0	0	0	0	0		0	0	0	0	0	0	0	0	0	0	0		0	0	0	0	0	0	0	0	0	0	0		0	0	0	0	0	0	0	0	0	0	0		0	0	0	0	0	0	0	0	0	0	0		0
Ding_01^1	0	0	0	0	0	0	0	0	0	0		0	0	0	0	0	0	0	0	0	0	0		0	0	0	0	0	0	0	0	0	0	0		0	0	0	0	0	0	0	0	0	0	0		0	0	0	0	0	0	0	0	0	0	0		0	0	0	0	0	0	0	0	0	0	0		0	0	0	0	0	0	0	0	0	0	0		0	0	0	0	0	0	0	0	0	0	0		0	1	0	0	1	0	1	0	0	0	0		1	1	0	0	1	0	0	0	0	0	0		1	0	0	0	0	0	0	0	0	0	0		0	0	0	0	0	0	0	0	0	0	0		0	1	0	0	0	0	0	0	0	0	0		1	0	0	0	0	0	0	0	0	0	0		0	0	0	0	0	0	0	0	0	0	0		0	0	0	0	0	0	0	0	0	0	0		0	0	0	0	0	0	0	0	0	0	0		0	0	0	0	1	0	1	0	0	0	0		1	0	0	0	0	0	0	0	0	0	0		0	0	0	0	1	0	0	0	0	0	0		1	0	0	0	0	0	0	0	0	0	0		0	0	0	0	0	0	0	0	0	0	0		0	0	0	0	1	0	0	0	0	0	0		1	0	0	0	0	0	0	0	0	0	0		0	0	0	0	0	0	1	0	0	0	0		1	0	0	0	0	0	0	0	0	0	0		1	0	0	0	0	0	0	0	0	0	0		0	0	0	0	0	0	0	0	0	0	0		0	0	0	0	0	0	0	0	0	0	0		0	0	0	0	0	0	0	0	0	0	0		0	0	0	0	0	0	0	0	0	0	0		0	0	0	0	0	0	0	0	0	0	0		0	0	0	0	0	0	0	0	0	0	0		0	0	0	0	0	0	0	0	0	0	0		0	0	0	0	0	0	0	0	0	0	0		0	0	0	0	0	0	0	0	0	0	0		0	0	0	0	0	0	0	0	0	0	0		0
Ding_02^1	0	0	0	0	0	0	0	0	0	0		0	0	0	0	0	0	0	0	0	0	0		0	0	0	0	0	0	0	0	0	0	0		0	0	0	0	0	0	0	0	0	0	0		0	0	0	0	0	0	0	0	0	0	0		0	0	0	0	0	0	0	0	0	0	0		0	0	0	0	0	0	0	0	0	0	0		0	0	0	0	0	0	0	0	0	0	0		0	1	0	0	1	0	1	0	0	0	0		1	1	0	0	0	0	0	0	0	0	0		0	0	0	0	0	0	0	0	0	0	0		0	0	0	0	0	0	0	0	0	0	0		0	1	0	0	0	0	0	0	0	0	0		0	0	0	0	0	0	0	0	0	0	0		0	0	0	0	0	0	0	0	0	0	0		0	0	0	0	0	0	0	0	0	0	0		0	0	0	0	0	0	0	0	0	0	0		0	0	0	0	0	0	1	0	0	0	0		1	0	0	0	0	0	0	0	0	0	0		0	0	0	0	1	0	1	0	0	0	0		1	0	0	1	0	0	0	0	0	0	0		0	0	0	0	0	0	0	0	0	0	0		0	0	0	0	1	0	1	0	0	0	0		1	0	0	0	0	0	0	0	0	0	0		0	0	0	1	1	0	1	0	0	0	0		1	0	0	0	0	0	1	0	0	0	0		1	0	0	0	0	0	0	0	0	0	0		0	0	0	0	0	0	0	0	0	0	0		0	0	0	0	0	0	0	0	0	0	0		0	0	0	0	0	0	0	0	0	0	0		0	0	0	0	0	0	0	0	0	0	0		0	0	0	0	0	0	0	0	0	0	0		0	0	0	0	0	0	0	0	0	0	0		0	0	0	0	0	0	0	0	0	0	0		0	0	0	0	0	0	0	0	0	0	0		0	0	0	0	0	0	0	0	0	0	0		0	0	0	0	0	0	0	0	0	0	0		0
Ding_03^1	0	0	0	0	0	0	0	0	0	0		0	0	0	0	0	0	0	0	0	0	0		0	0	0	0	0	0	0	0	0	0	0		0	0	0	0	0	0	0	0	0	0	0		0	0	0	0	0	0	0	0	0	0	0		0	0	0	0	0	0	0	0	0	0	0		0	0	0	0	0	0	0	0	0	0	0		0	0	0	0	0	0	0	0	0	0	0		0	1	0	0	1	0	0	0	0	0	0		1	1	0	0	0	0	0	0	0	0	0		1	0	0	0	0	0	0	0	0	0	0		0	0	0	0	0	0	0	0	0	0	0		0	0	0	0	0	0	0	0	0	0	0		0	1	0	0	0	0	0	0	0	0	0		0	0	0	0	0	0	0	0	0	0	0		0	0	0	0	0	0	0	0	0	0	0		0	0	0	0	0	0	0	0	0	0	0		0	0	0	0	0	0	0	0	0	0	0		1	0	0	0	0	0	0	0	0	0	0		0	0	0	0	1	0	0	0	0	0	0		1	0	0	1	0	0	0	0	0	0	0		0	0	0	0	0	0	0	0	0	0	0		0	0	0	0	1	0	1	0	0	0	0		1	0	0	0	0	0	0	0	0	0	0		0	0	0	1	1	0	0	0	0	0	0		0	0	0	0	0	0	0	0	0	0	0		0	0	0	0	0	0	0	0	0	0	0		0	0	0	0	0	0	0	0	0	0	0		0	0	0	0	0	0	0	0	0	0	0		0	0	0	0	0	0	0	0	0	0	0		0	0	0	0	0	0	0	0	0	0	0		0	0	0	0	0	0	0	0	0	0	0		0	0	0	0	0	0	0	0	0	0	0		0	0	0	0	0	0	0	0	0	0	0		0	0	0	0	0	0	0	0	0	0	0		0	0	0	0	0	0	0	0	0	0	0		0	0	0	0	0	0	0	0	0	0	0		0
Ding_04^1	0	0	0	0	0	0	0	0	0	0		0	0	0	0	0	0	0	0	0	0	0		0	0	0	0	0	0	0	0	0	0	0		0	0	0	0	0	0	0	0	0	0	0		0	0	0	0	0	0	0	0	0	0	0		0	0	0	0	0	0	0	0	0	0	0		0	0	0	0	0	0	0	0	0	0	0		0	0	0	0	0	0	0	0	0	0	0		0	1	0	0	1	0	0	0	0	0	0		1	1	0	0	0	0	0	0	0	0	0		1	0	0	0	0	0	0	0	0	0	0		0	0	0	0	0	0	0	0	0	0	0		0	1	0	0	0	0	0	0	0	0	0		0	0	0	0	0	0	0	0	0	0	0		0	0	0	0	0	0	0	0	0	0	0		0	0	0	0	0	0	0	0	0	0	0		0	0	0	0	0	0	0	0	0	0	0		0	0	0	0	0	0	0	0	0	0	0		1	0	0	0	0	0	0	0	0	0	0		0	0	0	0	0	0	0	0	0	0	0		0	0	0	0	0	0	0	0	0	0	0		0	0	0	0	0	0	0	0	0	0	0		0	0	0	0	1	0	0	0	0	0	0		1	0	0	0	0	0	0	0	0	0	0		1	0	0	0	0	0	0	0	0	0	0		0	0	0	0	0	0	0	0	0	0	0		0	0	0	0	0	0	0	0	0	0	0		0	0	0	0	0	0	0	0	0	0	0		0	0	0	0	0	0	0	0	0	0	0		0	0	0	0	0	0	0	0	0	0	0		0	0	0	0	0	0	0	0	0	0	0		0	0	0	0	0	0	0	0	0	0	0		0	0	0	0	0	0	0	0	0	0	0		0	0	0	0	0	0	0	0	0	0	0		0	0	0	0	0	0	0	0	0	0	0		0	0	0	0	0	0	0	0	0	0	0		0	0	0	0	0	0	0	0	0	0	0		0
Ding_05^1	0	0	0	0	0	0	0	0	0	0		0	0	0	0	0	0	0	0	0	0	0		0	0	0	0	0	0	0	0	0	0	0		0	0	0	0	0	0	0	0	0	0	0		0	0	0	0	0	0	0	0	0	0	0		0	0	0	0	0	0	0	0	0	0	0		0	0	0	0	0	0	0	0	0	0	0		0	0	0	0	0	0	0	0	0	0	0		0	1	0	0	1	0	0	0	0	0	0		1	0	0	0	0	0	0	0	0	0	0		1	0	0	0	0	0	0	0	0	0	0		0	0	0	0	0	0	0	0	0	0	0		0	0	0	0	0	0	0	0	0	0	0		0	0	0	0	0	0	0	0	0	0	0		0	0	0	0	0	0	0	0	0	0	0		0	0	0	0	0	0	0	0	0	0	0		0	0	0	0	0	0	0	0	0	0	0		0	0	0	0	0	0	0	0	0	0	0		1	0	0	0	0	0	0	0	0	0	0		0	0	0	0	1	0	0	0	0	0	0		1	0	0	1	0	0	0	0	0	0	0		0	0	0	0	0	0	0	0	0	0	0		0	0	0	0	1	0	0	0	0	0	0		1	0	0	0	0	0	0	0	0	0	0		1	1	0	1	0	0	0	0	0	0	0		1	0	0	0	0	0	0	0	0	0	0		0	0	0	0	0	0	0	0	0	0	0		0	0	0	0	0	0	0	0	0	0	0		0	0	0	0	0	0	0	0	0	0	0		0	0	0	0	0	0	0	0	0	0	0		0	0	0	0	0	0	0	0	0	0	0		0	0	0	0	0	0	0	0	0	0	0		0	0	0	0	0	0	0	0	0	0	0		0	0	0	0	0	0	0	0	0	0	0		0	0	0	0	0	0	0	0	0	0	0		0	0	0	0	0	0	0	0	0	0	0		0	0	0	0	0	0	0	0	0	0	0		0
Dokholyan_01^1	0	0	0	0	0	0	0	0	0	0		0	0	0	0	0	0	0	0	0	0	0		0	0	0	0	0	0	0	0	0	0	0		0	0	0	0	0	0	0	0	0	0	0		0	0	0	0	0	0	0	0	0	0	0		0	0	0	0	0	0	0	0	0	0	0		0	0	0	0	0	0	0	0	0	0	0		0	0	0	0	0	0	0	0	0	0	0		0	0	0	0	0	0	0	0	0	0	0		0	0	0	0	0	0	0	0	0	0	0		0	0	0	0	0	0	0	0	0	0	0		0	1	0	0	0	0	0	0	0	0	0		1	0	0	0	0	0	0	0	0	0	0		0	0	0	0	0	0	0	0	0	0	0		0	0	0	0	0	0	0	0	0	0	0		0	0	0	0	0	0	0	0	0	0	0		0	0	0	0	0	0	0	0	0	0	0		0	1	0	0	1	1	0	0	0	0	0		1	0	0	1	1	0	1	0	0	0	0		1	0	0	0	0	0	0	0	0	0	0		0	0	0	0	0	0	0	0	0	0	0		0	0	0	0	0	0	0	0	0	0	0		0	0	0	0	0	0	0	0	0	0	0		0	0	0	0	0	0	0	0	0	0	0		1	0	0	0	0	0	0	0	0	0	0		0	0	0	0	0	0	0	0	0	0	0		0	0	0	0	0	0	0	0	0	0	0		0	0	0	0	0	0	0	0	0	0	0		0	0	0	0	0	0	1	0	0	0	0		1	0	0	0	0	0	0	0	0	0	0		0	1	0	0	0	0	0	0	0	0	0		1	0	0	0	0	0	0	0	0	0	0		0	0	0	0	0	0	0	0	0	0	0		0	0	0	0	0	0	0	0	0	0	0		0	0	0	0	0	0	0	0	0	0	0		0	0	0	0	0	0	0	0	0	0	0		0	0	0	0	0	0	0	0	0	0	0		0
RNAComposerHuman_01^1	0	0	0	0	0	0	0	0	0	0		0	0	0	0	0	0	0	0	0	0	0		0	0	0	0	0	0	0	0	0	0	0		0	0	0	0	0	0	0	0	0	0	0		0	0	0	0	0	0	0	0	0	0	0		0	0	0	0	0	0	0	0	0	0	0		0	0	0	0	0	0	0	0	0	0	0		0	0	0	0	0	0	0	0	0	0	0		0	1	0	0	0	0	0	0	0	0	0		0	0	0	0	0	0	0	0	0	0	0		0	0	0	0	0	0	0	0	0	0	0		0	0	0	0	0	0	0	0	0	0	0		0	0	0	0	0	0	0	0	0	0	0		0	0	0	0	0	0	0	0	0	0	0		0	0	0	0	0	0	0	0	0	0	0		1	0	0	0	0	0	0	0	0	0	0		0	0	0	0	0	0	0	0	0	0	0		0	0	0	0	0	0	0	0	0	0	0		0	0	0	0	0	0	0	0	0	0	0		0	0	0	0	0	0	0	0	0	0	0		0	0	0	0	0	0	0	0	0	0	0		0	0	0	0	0	0	0	0	0	0	0		0	1	0	0	0	0	0	0	0	0	0		1	0	0	0	0	0	0	0	0	0	0		0	0	0	0	0	0	0	0	0	0	0		0	0	0	0	0	0	0	0	0	0	0		0	0	0	0	0	0	0	0	0	0	0		0	0	0	0	0	0	0	0	0	0	0		0	0	0	0	0	0	0	0	0	0	0		0	0	0	0	0	0	0	0	0	0	0		0	0	0	0	0	0	0	0	0	0	0		0	0	0	0	0	0	0	0	0	0	0		0	0	0	0	0	0	0	0	0	0	0		0	0	0	0	0	0	0	0	0	0	0		0	0	0	0	0	0	0	0	0	0	0		0	0	0	0	0	0	0	0	0	0	0		0	0	0	0	0	0	0	0	0	0	0		0
RNAComposerHuman_02^1	0	0	0	0	0	0	0	0	0	0		0	0	0	0	0	0	0	0	0	0	0		0	0	0	0	0	0	0	0	0	0	0		0	0	0	0	0	0	0	0	0	0	0		0	0	0	0	0	0	0	0	0	0	0		0	0	0	0	0	0	0	0	0	0	0		0	0	0	0	0	0	0	0	0	0	0		0	0	0	0	0	0	0	0	0	0	0		0	1	0	0	0	0	0	0	0	0	0		0	0	0	0	0	0	0	0	0	0	0		0	0	0	0	0	0	0	0	0	0	0		0	0	0	0	0	0	0	0	0	0	0		0	0	0	0	0	0	0	0	0	0	0		0	0	0	0	0	0	0	0	0	0	0		0	0	0	0	0	0	0	0	0	0	0		1	0	0	0	0	0	0	0	0	0	0		0	0	0	0	0	0	0	0	0	0	0		0	0	0	0	0	0	0	0	0	0	0		0	0	0	0	0	0	0	0	0	0	0		0	0	0	0	0	0	0	0	0	0	0		0	0	0	0	0	0	0	0	0	0	0		0	0	0	0	0	0	0	0	0	0	0		0	1	0	0	0	0	0	0	0	0	0		1	0	0	0	0	0	0	0	0	0	0		0	0	0	0	0	0	0	0	0	0	0		0	0	0	0	0	0	0	0	0	0	0		0	0	0	0	0	0	0	0	0	0	0		0	0	0	0	0	0	0	0	0	0	0		0	0	0	0	0	0	0	0	0	0	0		0	0	0	0	0	0	0	0	0	0	0		0	0	0	0	0	0	0	0	0	0	0		0	0	0	0	0	0	0	0	0	0	0		0	0	0	0	0	0	0	0	0	0	0		0	0	0	0	0	0	0	0	0	0	0		0	0	0	0	0	0	0	0	0	0	0		0	0	0	0	0	0	0	0	0	0	0		0	0	0	0	0	0	0	0	0	0	0		0
RNAComposerHuman_03^1	0	0	0	0	0	0	0	0	0	0		0	0	0	0	0	0	0	0	0	0	0		0	0	0	0	0	0	0	0	0	0	0		0	0	0	0	0	0	0	0	0	0	0		0	0	0	0	0	0	0	0	0	0	0		0	0	0	0	0	0	0	0	0	0	0		0	0	0	0	0	0	0	0	0	0	0		0	0	0	0	0	0	0	0	0	0	0		0	1	0	0	0	0	0	0	0	0	0		0	0	0	0	0	0	0	0	0	0	0		0	0	0	0	0	0	0	0	0	0	0		0	0	0	0	0	0	0	0	0	0	0		0	0	0	0	0	0	0	0	0	0	0		0	0	0	0	0	0	1	0	0	0	0		0	0	0	0	0	0	0	0	0	0	0		1	0	0	0	0	0	0	0	0	0	0		0	0	0	0	0	0	0	0	0	0	0		0	0	0	0	0	0	0	0	0	0	0		0	0	0	0	0	0	0	0	0	0	0		0	0	0	0	0	0	0	0	0	0	0		0	0	0	0	0	0	0	0	0	0	0		0	0	0	0	0	0	0	0	0	0	0		0	0	0	0	0	0	0	0	0	0	0		1	0	0	0	0	0	0	0	0	0	0		0	0	0	0	0	0	0	0	0	0	0		0	0	0	0	0	0	0	0	0	0	0		0	0	0	0	0	0	0	0	0	0	0		0	0	0	0	0	0	0	0	0	0	0		0	0	0	0	0	0	0	0	0	0	0		0	0	0	0	0	0	0	0	0	0	0		0	0	0	0	0	0	0	0	0	0	0		0	0	0	0	0	0	0	0	0	0	0		0	0	0	0	0	0	0	0	0	0	0		0	0	0	0	0	0	0	0	0	0	0		0	0	0	0	0	0	0	0	0	0	0		0	0	0	0	0	0	0	0	0	0	0		0	0	0	0	0	0	0	0	0	0	0		0
Xiao_01^1	0	0	0	0	0	0	0	0	0	0		0	0	0	0	0	0	0	0	0	0	0		0	0	0	1	0	0	0	0	0	0	0		0	1	0	0	0	0	0	0	0	0	0		0	1	0	0	0	0	0	0	0	0	0		0	0	0	0	0	0	0	0	0	0	0		0	0	0	0	0	0	0	0	0	0	0		1	0	0	0	0	0	0	0	0	0	0		1	0	0	0	0	0	0	0	0	0	0		0	0	0	0	0	0	0	0	0	0	0		0	0	0	0	0	0	0	0	0	0	0		0	0	0	0	0	0	0	0	0	0	0		0	0	0	0	0	0	0	0	0	0	0		0	0	0	0	0	0	0	0	0	0	0		0	0	0	0	0	0	0	0	0	0	0		0	0	0	0	0	0	0	0	0	0	0		0	0	0	0	0	0	0	0	0	0	0		0	0	0	0	0	0	0	0	0	0	0		0	0	0	0	0	0	0	0	0	0	0		0	0	0	0	0	0	0	0	0	0	0		0	0	0	0	0	0	0	0	0	0	0		0	0	0	0	0	0	0	0	0	0	0		0	0	0	0	0	0	0	0	0	0	0		0	0	0	0	0	0	0	0	0	0	0		0	0	0	0	0	0	0	0	0	0	0		0	0	0	0	0	0	0	0	0	0	0		0	0	0	0	0	0	0	0	0	0	0		0	0	0	0	0	0	0	0	0	0	0		0	0	0	1	1	1	0	0	0	0	0		1	0	0	0	0	0	0	0	0	0	0		1	0	0	0	0	0	0	0	0	0	0		1	0	0	0	0	0	0	0	0	0	0		0	0	0	0	0	0	0	0	0	0	0		0	0	0	0	0	0	0	0	0	0	0		0	0	0	0	0	0	0	0	0	0	0		0	0	0	0	0	0	0	0	0	0	0		0	0	0	0	0	0	0	0	0	0	0		0
Xiao_02^1	0	0	0	0	0	0	0	0	0	0		0	0	0	0	0	0	0	0	0	0	0		1	0	0	0	0	0	0	0	0	0	0		1	0	0	0	0	0	0	0	0	0	0		1	0	0	0	0	0	0	0	0	0	0		1	0	0	0	0	0	0	0	0	0	0		0	1	0	0	0	0	0	0	0	0	0		0	0	0	0	0	0	0	0	0	0	0		0	0	0	0	0	0	0	0	0	0	0		0	0	0	0	0	0	0	0	0	0	0		0	0	0	0	0	0	0	0	0	0	0		0	0	0	0	0	0	0	0	0	0	0		0	0	0	0	0	0	0	0	0	0	0		0	0	0	0	0	0	0	0	0	0	0		0	0	0	0	0	0	0	0	0	0	0		0	0	0	0	0	0	0	0	0	0	0		0	0	0	0	0	0	0	0	0	0	0		0	0	0	0	0	0	0	0	0	0	0		0	0	0	0	0	0	0	0	0	0	0		0	0	0	0	0	0	0	0	0	0	0		0	0	0	0	0	0	0	0	0	0	0		0	0	0	0	0	0	0	0	0	0	0		0	0	0	0	0	0	0	0	0	0	0		0	0	0	0	0	0	0	0	0	0	0		0	0	0	0	0	0	0	0	0	0	0		0	0	0	0	0	0	0	0	0	0	0		0	0	0	0	0	0	0	0	0	0	0		0	0	0	0	0	0	0	0	0	0	0		0	0	0	0	0	0	0	0	0	0	0		0	0	0	0	0	0	0	0	0	0	0		0	0	0	0	0	0	0	0	0	0	0		0	0	0	0	0	0	0	0	0	0	0		0	0	0	0	0	0	0	0	0	0	0		0	0	0	0	0	0	0	0	0	0	0		0	0	0	0	0	0	0	0	0	0	0		0	0	0	0	0	0	0	0	0	0	0		0	0	0	0	0	0	0	0	0	0	0		0
Xiao_03^1	0	0	0	0	0	0	0	0	0	0		0	0	0	1	1	0	0	0	0	0	0		1	0	0	1	0	0	0	0	0	0	0		1	0	0	0	0	0	0	0	0	0	0		1	0	0	0	0	0	0	0	0	0	0		0	0	0	0	0	0	0	0	0	0	0		0	0	0	0	0	0	0	0	0	0	0		0	0	0	0	0	0	0	0	0	0	0		0	0	0	0	0	0	0	0	0	0	0		0	0	0	0	0	0	0	0	0	0	0		0	0	0	0	0	0	0	0	0	0	0		0	0	0	0	0	0	0	0	0	0	0		0	0	0	0	0	0	0	0	0	0	0		0	0	0	0	0	0	0	0	0	0	0		0	0	0	0	0	0	0	0	0	0	0		0	0	0	0	0	0	0	0	0	0	0		0	0	0	0	0	0	0	0	0	0	0		0	0	0	0	0	0	0	0	0	0	0		0	0	0	0	0	0	0	0	0	0	0		0	0	0	0	0	0	0	0	0	0	0		0	0	0	0	0	0	0	0	0	0	0		0	0	0	0	0	0	0	0	0	0	0		0	0	0	0	0	0	0	0	0	0	0		0	0	0	0	0	0	0	0	0	0	0		0	0	0	0	0	0	0	0	0	0	0		0	0	0	0	0	0	0	0	0	0	0		0	0	0	0	0	0	0	0	0	0	0		0	0	0	0	0	0	0	0	0	0	0		0	0	0	0	0	0	0	0	0	0	0		0	1	0	0	0	0	0	0	0	0	0		0	1	0	1	0	0	0	0	0	0	0		0	0	0	0	0	0	0	0	0	0	0		0	0	0	0	0	0	0	0	0	0	0		0	0	0	0	0	0	0	0	0	0	0		0	0	0	0	0	0	0	0	0	0	0		0	0	0	0	0	0	0	0	0	0	0		0	0	0	0	0	0	0	0	0	0	0		0
Xiao_04^1	0	0	0	0	0	0	0	0	0	0		0	0	0	0	0	0	0	0	0	0	0		0	0	0	0	0	0	0	0	0	0	0		0	0	0	0	0	0	0	0	0	0	0		0	0	0	0	0	0	0	0	0	0	0		0	0	0	0	0	0	0	0	0	0	0		0	0	0	0	0	0	0	0	0	0	0		0	0	0	0	0	0	0	0	0	0	0		0	0	0	0	0	0	0	0	0	0	0		0	0	0	0	0	0	0	0	0	0	0		0	0	0	0	0	0	0	0	0	0	0		0	0	0	0	0	0	0	0	0	0	0		0	0	0	0	0	0	0	0	0	0	0		0	0	0	0	0	0	0	0	0	0	0		0	0	0	0	0	0	0	0	0	0	0		0	0	0	0	0	0	0	0	0	0	0		0	0	0	0	0	0	0	0	0	0	0		0	0	0	0	0	0	0	0	0	0	0		0	0	0	0	0	0	0	0	0	0	0		0	0	0	0	0	0	0	0	0	0	0		1	0	0	0	0	0	1	0	0	0	0		1	0	0	0	0	0	0	0	0	0	0		1	0	0	0	0	0	0	0	0	0	0		1	0	0	0	0	0	0	0	0	0	0		1	0	0	0	0	0	0	0	0	0	0		0	0	0	0	0	0	0	0	0	0	0		0	0	0	0	0	0	0	0	0	0	0		0	0	0	0	0	0	0	0	0	0	0		0	0	0	0	0	0	0	0	0	0	0		0	0	0	0	0	0	0	0	0	0	0		0	0	0	0	0	0	0	0	0	0	0		0	0	0	0	0	0	0	0	0	0	0		0	0	0	0	0	0	0	0	0	0	0		0	0	0	0	0	0	0	0	0	0	0		0	0	0	0	0	0	0	0	0	0	0		0	0	0	0	0	0	0	0	0	0	0		0	0	0	0	0	0	0	0	0	0	0		0
Xiao_05^1	0	0	0	0	0	0	0	0	0	0		0	0	0	0	0	0	0	0	0	0	0		0	0	0	0	0	0	0	0	0	0	0		0	0	0	0	0	0	0	0	0	0	0		0	0	0	0	0	0	0	0	0	0	0		0	0	0	0	0	0	0	0	0	0	0		1	0	0	0	0	0	0	0	0	0	0		0	0	0	0	0	0	0	0	0	0	0		0	0	0	0	0	0	0	0	0	0	0		0	0	0	0	0	0	0	0	0	0	0		0	0	0	0	0	0	0	0	0	0	0		0	0	0	0	0	0	0	0	0	0	0		0	0	0	0	0	0	0	0	0	0	0		0	0	0	0	0	0	0	0	0	0	0		0	0	0	0	0	0	0	0	0	0	0		0	0	0	0	0	0	0	0	0	0	0		0	0	0	0	0	0	0	0	0	0	0		0	0	0	0	0	0	0	0	0	0	0		0	0	0	0	0	0	0	0	0	0	0		0	0	0	0	0	0	0	0	0	0	0		0	0	0	0	0	0	0	0	0	0	0		0	0	0	0	0	0	0	0	0	0	0		0	0	0	0	0	0	0	0	0	0	0		0	0	0	0	0	0	0	0	0	0	0		0	0	0	0	0	0	0	0	0	0	0		0	0	0	0	0	0	0	0	0	0	0		0	0	0	0	0	0	0	0	0	0	0		0	0	0	0	0	0	0	0	0	0	0		0	0	0	0	0	0	0	0	0	0	0		0	0	0	0	0	0	0	0	0	0	0		1	0	0	0	1	0	0	0	0	0	0		1	0	0	0	0	0	0	0	0	0	0		0	0	0	0	0	0	0	0	0	0	0		0	0	0	0	0	0	0	0	0	0	0		0	0	0	0	0	0	0	0	0	0	0		0	0	0	0	0	0	0	0	0	0	0		0	0	0	0	0	0	0	0	0	0	0		0
